[{"MCF_Job_Ad_ID": "MCF-2021-0164147", "predictions": [{"SSOC_Code": "26112", "Prediction_Confidence": "26.20%"}, {"SSOC_Code": "34110", "Prediction_Confidence": "14.31%"}, {"SSOC_Code": "24132", "Prediction_Confidence": "14.28%"}, {"SSOC_Code": "13461", "Prediction_Confidence": "6.78%"}, {"SSOC_Code": "26111", "Prediction_Confidence": "5.11%"}, {"SSOC_Code": "41201", "Prediction_Confidence": "4.47%"}, {"SSOC_Code": "24212", "Prediction_Confidence": "4.08%"}, {"SSOC_Code": "24121", "Prediction_Confidence": "3.33%"}, {"SSOC_Code": "12212", "Prediction_Confidence": "1.90%"}, {"SSOC_Code": "12133", "Prediction_Confidence": "1.54%"}]}, {"MCF_Job_Ad_ID": "MCF-2021-0018939", "predictions": [{"SSOC_Code": "25151", "Prediction_Confidence": "35.56%"}, {"SSOC_Code": "25121", "Prediction_Confidence": "19.93%"}, {"SSOC_Code": "21413", "Prediction_Confidence": "12.23%"}, {"SSOC_Code": "25122", "Prediction_Confidence": "5.31%"}, {"SSOC_Code": "21511", "Prediction_Confidence": "3.96%"}, {"SSOC_Code": "13302", "Prediction_Confidence": "3.27%"}, {"SSOC_Code": "24212", "Prediction_Confidence": "3.18%"}, {"SSOC_Code": "25111", "Prediction_Confidence": "2.41%"}, {"SSOC_Code": "25140", "Prediction_Confidence": "1.83%"}, {"SSOC_Code": "21441", "Prediction_Confidence": "1.78%"}]}, {"MCF_Job_Ad_ID": "MCF-2021-0044261", "predictions": [{"SSOC_Code": "24213", "Prediction_Confidence": "61.49%"}, {"SSOC_Code": "13230", "Prediction_Confidence": "20.87%"}, {"SSOC_Code": "13302", "Prediction_Confidence": "8.97%"}, {"SSOC_Code": "21421", "Prediction_Confidence": "1.96%"}, {"SSOC_Code": "71000", "Prediction_Confidence": "1.83%"}, {"SSOC_Code": "12222", "Prediction_Confidence": "0.90%"}, {"SSOC_Code": "21511", "Prediction_Confidence": "0.65%"}, {"SSOC_Code": "21422", "Prediction_Confidence": "0.60%"}, {"SSOC_Code": "21441", "Prediction_Confidence": "0.49%"}, {"SSOC_Code": "12112", "Prediction_Confidence": "0.36%"}]}, {"MCF_Job_Ad_ID": "MCF-2021-0192161", "predictions": [{"SSOC_Code": "21494", "Prediction_Confidence": "99.74%"}, {"SSOC_Code": "21499", "Prediction_Confidence": "0.10%"}, {"SSOC_Code": "13230", "Prediction_Confidence": "0.05%"}, {"SSOC_Code": "21441", "Prediction_Confidence": "0.02%"}, {"SSOC_Code": "24213", "Prediction_Confidence": "0.02%"}, {"SSOC_Code": "21421", "Prediction_Confidence": "0.02%"}, {"SSOC_Code": "31183", "Prediction_Confidence": "0.01%"}, {"SSOC_Code": "41101", "Prediction_Confidence": "0.01%"}, {"SSOC_Code": "12112", "Prediction_Confidence": "0.01%"}, {"SSOC_Code": "13302", "Prediction_Confidence": "0.00%"}]}, {"MCF_Job_Ad_ID": "MCF-2021-0137399", "predictions": [{"SSOC_Code": "34341", "Prediction_Confidence": "51.22%"}, {"SSOC_Code": "51201", "Prediction_Confidence": "29.89%"}, {"SSOC_Code": "94101", "Prediction_Confidence": "8.14%"}, {"SSOC_Code": "34343", "Prediction_Confidence": "6.76%"}, {"SSOC_Code": "51202", "Prediction_Confidence": "2.19%"}, {"SSOC_Code": "14121", "Prediction_Confidence": "0.82%"}, {"SSOC_Code": "75121", "Prediction_Confidence": "0.52%"}, {"SSOC_Code": "34342", "Prediction_Confidence": "0.36%"}, {"SSOC_Code": "51312", "Prediction_Confidence": "0.07%"}, {"SSOC_Code": "14201", "Prediction_Confidence": "0.01%"}]}, {"MCF_Job_Ad_ID": "MCF-2021-0198399", "predictions": [{"SSOC_Code": "24320", "Prediction_Confidence": "49.47%"}, {"SSOC_Code": "26413", "Prediction_Confidence": "26.16%"}, {"SSOC_Code": "12222", "Prediction_Confidence": "8.00%"}, {"SSOC_Code": "33221", "Prediction_Confidence": "3.34%"}, {"SSOC_Code": "12212", "Prediction_Confidence": "2.74%"}, {"SSOC_Code": "24314", "Prediction_Confidence": "2.32%"}, {"SSOC_Code": "26431", "Prediction_Confidence": "1.27%"}, {"SSOC_Code": "13461", "Prediction_Confidence": "1.09%"}, {"SSOC_Code": "24212", "Prediction_Confidence": "0.90%"}, {"SSOC_Code": "14391", "Prediction_Confidence": "0.62%"}]}, {"MCF_Job_Ad_ID": "MCF-2021-0050754", "predictions": [{"SSOC_Code": "21130", "Prediction_Confidence": "10.39%"}, {"SSOC_Code": "21342", "Prediction_Confidence": "7.70%"}, {"SSOC_Code": "21311", "Prediction_Confidence": "6.18%"}, {"SSOC_Code": "21142", "Prediction_Confidence": "5.75%"}, {"SSOC_Code": "21343", "Prediction_Confidence": "5.07%"}, {"SSOC_Code": "21319", "Prediction_Confidence": "4.54%"}, {"SSOC_Code": "32120", "Prediction_Confidence": "4.27%"}, {"SSOC_Code": "21346", "Prediction_Confidence": "3.68%"}, {"SSOC_Code": "21345", "Prediction_Confidence": "2.67%"}, {"SSOC_Code": "21341", "Prediction_Confidence": "2.44%"}]}, {"MCF_Job_Ad_ID": "MCF-2021-0238591", "predictions": [{"SSOC_Code": "12222", "Prediction_Confidence": "26.16%"}, {"SSOC_Code": "33221", "Prediction_Confidence": "20.68%"}, {"SSOC_Code": "12212", "Prediction_Confidence": "15.53%"}, {"SSOC_Code": "33223", "Prediction_Confidence": "9.75%"}, {"SSOC_Code": "33225", "Prediction_Confidence": "5.14%"}, {"SSOC_Code": "12213", "Prediction_Confidence": "3.25%"}, {"SSOC_Code": "24314", "Prediction_Confidence": "3.11%"}, {"SSOC_Code": "33224", "Prediction_Confidence": "2.94%"}, {"SSOC_Code": "33222", "Prediction_Confidence": "1.56%"}, {"SSOC_Code": "12215", "Prediction_Confidence": "1.47%"}]}, {"MCF_Job_Ad_ID": "MCF-2021-0070022", "predictions": [{"SSOC_Code": "21661", "Prediction_Confidence": "42.57%"}, {"SSOC_Code": "21664", "Prediction_Confidence": "27.18%"}, {"SSOC_Code": "26413", "Prediction_Confidence": "13.06%"}, {"SSOC_Code": "25122", "Prediction_Confidence": "8.23%"}, {"SSOC_Code": "33221", "Prediction_Confidence": "1.30%"}, {"SSOC_Code": "21670", "Prediction_Confidence": "0.92%"}, {"SSOC_Code": "24320", "Prediction_Confidence": "0.63%"}, {"SSOC_Code": "25121", "Prediction_Confidence": "0.54%"}, {"SSOC_Code": "21662", "Prediction_Confidence": "0.49%"}, {"SSOC_Code": "26431", "Prediction_Confidence": "0.47%"}]}, {"MCF_Job_Ad_ID": "MCF-2021-0159794", "predictions": [{"SSOC_Code": "24212", "Prediction_Confidence": "40.04%"}, {"SSOC_Code": "21231", "Prediction_Confidence": "12.59%"}, {"SSOC_Code": "13461", "Prediction_Confidence": "10.69%"}, {"SSOC_Code": "21239", "Prediction_Confidence": "6.12%"}, {"SSOC_Code": "24131", "Prediction_Confidence": "3.94%"}, {"SSOC_Code": "33221", "Prediction_Confidence": "2.56%"}, {"SSOC_Code": "12212", "Prediction_Confidence": "2.30%"}, {"SSOC_Code": "24231", "Prediction_Confidence": "1.90%"}, {"SSOC_Code": "33222", "Prediction_Confidence": "1.79%"}, {"SSOC_Code": "24121", "Prediction_Confidence": "1.58%"}]}, {"MCF_Job_Ad_ID": "MCF-2021-0027091", "predictions": [{"SSOC_Code": "24111", "Prediction_Confidence": "34.64%"}, {"SSOC_Code": "24112", "Prediction_Confidence": "28.29%"}, {"SSOC_Code": "43112", "Prediction_Confidence": "13.31%"}, {"SSOC_Code": "33132", "Prediction_Confidence": "10.58%"}, {"SSOC_Code": "33131", "Prediction_Confidence": "9.53%"}, {"SSOC_Code": "43113", "Prediction_Confidence": "1.88%"}, {"SSOC_Code": "12112", "Prediction_Confidence": "0.75%"}, {"SSOC_Code": "41101", "Prediction_Confidence": "0.36%"}, {"SSOC_Code": "24233", "Prediction_Confidence": "0.20%"}, {"SSOC_Code": "24212", "Prediction_Confidence": "0.12%"}]}, {"MCF_Job_Ad_ID": "MCF-2021-0182559", "predictions": [{"SSOC_Code": "51312", "Prediction_Confidence": "29.18%"}, {"SSOC_Code": "51322", "Prediction_Confidence": "19.06%"}, {"SSOC_Code": "51321", "Prediction_Confidence": "12.32%"}, {"SSOC_Code": "51311", "Prediction_Confidence": "5.65%"}, {"SSOC_Code": "14121", "Prediction_Confidence": "5.26%"}, {"SSOC_Code": "52302", "Prediction_Confidence": "4.69%"}, {"SSOC_Code": "51313", "Prediction_Confidence": "3.88%"}, {"SSOC_Code": "52492", "Prediction_Confidence": "2.70%"}, {"SSOC_Code": "52202", "Prediction_Confidence": "2.44%"}, {"SSOC_Code": "14201", "Prediction_Confidence": "1.57%"}]}, {"MCF_Job_Ad_ID": "MCF-2021-0246869", "predictions": [{"SSOC_Code": "22640", "Prediction_Confidence": "17.76%"}, {"SSOC_Code": "22662", "Prediction_Confidence": "14.72%"}, {"SSOC_Code": "22680", "Prediction_Confidence": "10.28%"}, {"SSOC_Code": "22200", "Prediction_Confidence": "7.56%"}, {"SSOC_Code": "22651", "Prediction_Confidence": "4.63%"}, {"SSOC_Code": "32200", "Prediction_Confidence": "4.45%"}, {"SSOC_Code": "36100", "Prediction_Confidence": "4.30%"}, {"SSOC_Code": "23622", "Prediction_Confidence": "4.28%"}, {"SSOC_Code": "13410", "Prediction_Confidence": "3.78%"}, {"SSOC_Code": "26341", "Prediction_Confidence": "3.36%"}]}, {"MCF_Job_Ad_ID": "MCF-2021-0228053", "predictions": [{"SSOC_Code": "35123", "Prediction_Confidence": "24.08%"}, {"SSOC_Code": "21231", "Prediction_Confidence": "13.63%"}, {"SSOC_Code": "24212", "Prediction_Confidence": "9.99%"}, {"SSOC_Code": "25121", "Prediction_Confidence": "8.59%"}, {"SSOC_Code": "25122", "Prediction_Confidence": "7.66%"}, {"SSOC_Code": "25111", "Prediction_Confidence": "3.66%"}, {"SSOC_Code": "35121", "Prediction_Confidence": "3.09%"}, {"SSOC_Code": "33222", "Prediction_Confidence": "2.83%"}, {"SSOC_Code": "25299", "Prediction_Confidence": "2.18%"}, {"SSOC_Code": "13304", "Prediction_Confidence": "2.06%"}]}, {"MCF_Job_Ad_ID": "MCF-2020-0375049", "predictions": [{"SSOC_Code": "21415", "Prediction_Confidence": "16.55%"}, {"SSOC_Code": "31161", "Prediction_Confidence": "11.95%"}, {"SSOC_Code": "21130", "Prediction_Confidence": "6.97%"}, {"SSOC_Code": "31173", "Prediction_Confidence": "6.65%"}, {"SSOC_Code": "21413", "Prediction_Confidence": "5.75%"}, {"SSOC_Code": "31164", "Prediction_Confidence": "5.02%"}, {"SSOC_Code": "21411", "Prediction_Confidence": "3.97%"}, {"SSOC_Code": "31005", "Prediction_Confidence": "2.97%"}, {"SSOC_Code": "21412", "Prediction_Confidence": "2.97%"}, {"SSOC_Code": "21414", "Prediction_Confidence": "2.67%"}]}, {"MCF_Job_Ad_ID": "MCF-2021-0087489", "predictions": [{"SSOC_Code": "83441", "Prediction_Confidence": "31.84%"}, {"SSOC_Code": "93334", "Prediction_Confidence": "25.51%"}, {"SSOC_Code": "83229", "Prediction_Confidence": "12.34%"}, {"SSOC_Code": "43212", "Prediction_Confidence": "11.00%"}, {"SSOC_Code": "93201", "Prediction_Confidence": "5.25%"}, {"SSOC_Code": "93335", "Prediction_Confidence": "3.75%"}, {"SSOC_Code": "83431", "Prediction_Confidence": "3.58%"}, {"SSOC_Code": "83321", "Prediction_Confidence": "2.13%"}, {"SSOC_Code": "83329", "Prediction_Confidence": "0.77%"}, {"SSOC_Code": "33132", "Prediction_Confidence": "0.54%"}]}, {"MCF_Job_Ad_ID": "MCF-2021-0060065", "predictions": [{"SSOC_Code": "12222", "Prediction_Confidence": "44.36%"}, {"SSOC_Code": "12212", "Prediction_Confidence": "17.88%"}, {"SSOC_Code": "33221", "Prediction_Confidence": "14.85%"}, {"SSOC_Code": "24314", "Prediction_Confidence": "7.19%"}, {"SSOC_Code": "33225", "Prediction_Confidence": "2.76%"}, {"SSOC_Code": "12213", "Prediction_Confidence": "2.43%"}, {"SSOC_Code": "12215", "Prediction_Confidence": "1.78%"}, {"SSOC_Code": "33224", "Prediction_Confidence": "1.67%"}, {"SSOC_Code": "33223", "Prediction_Confidence": "1.08%"}, {"SSOC_Code": "33222", "Prediction_Confidence": "0.84%"}]}, {"MCF_Job_Ad_ID": "MCF-2021-0088854", "predictions": [{"SSOC_Code": "24212", "Prediction_Confidence": "30.72%"}, {"SSOC_Code": "13292", "Prediction_Confidence": "13.30%"}, {"SSOC_Code": "13302", "Prediction_Confidence": "12.39%"}, {"SSOC_Code": "24112", "Prediction_Confidence": "9.83%"}, {"SSOC_Code": "25151", "Prediction_Confidence": "7.48%"}, {"SSOC_Code": "24231", "Prediction_Confidence": "5.12%"}, {"SSOC_Code": "24213", "Prediction_Confidence": "3.93%"}, {"SSOC_Code": "21413", "Prediction_Confidence": "1.94%"}, {"SSOC_Code": "12133", "Prediction_Confidence": "1.79%"}, {"SSOC_Code": "41101", "Prediction_Confidence": "1.64%"}]}, {"MCF_Job_Ad_ID": "MCF-2020-0284873", "predictions": [{"SSOC_Code": "14201", "Prediction_Confidence": "90.16%"}, {"SSOC_Code": "52201", "Prediction_Confidence": "3.44%"}, {"SSOC_Code": "12241", "Prediction_Confidence": "2.35%"}, {"SSOC_Code": "14121", "Prediction_Confidence": "1.92%"}, {"SSOC_Code": "13242", "Prediction_Confidence": "0.89%"}, {"SSOC_Code": "34341", "Prediction_Confidence": "0.38%"}, {"SSOC_Code": "14122", "Prediction_Confidence": "0.19%"}, {"SSOC_Code": "52302", "Prediction_Confidence": "0.17%"}, {"SSOC_Code": "12123", "Prediction_Confidence": "0.14%"}, {"SSOC_Code": "33223", "Prediction_Confidence": "0.13%"}]}, {"MCF_Job_Ad_ID": "MCF-2021-0077475", "predictions": [{"SSOC_Code": "42241", "Prediction_Confidence": "27.09%"}, {"SSOC_Code": "12112", "Prediction_Confidence": "19.26%"}, {"SSOC_Code": "12241", "Prediction_Confidence": "15.20%"}, {"SSOC_Code": "24233", "Prediction_Confidence": "14.59%"}, {"SSOC_Code": "42245", "Prediction_Confidence": "5.64%"}, {"SSOC_Code": "12121", "Prediction_Confidence": "5.09%"}, {"SSOC_Code": "41101", "Prediction_Confidence": "4.25%"}, {"SSOC_Code": "42243", "Prediction_Confidence": "3.37%"}, {"SSOC_Code": "53203", "Prediction_Confidence": "1.83%"}, {"SSOC_Code": "52302", "Prediction_Confidence": "1.14%"}]}, {"MCF_Job_Ad_ID": "MCF-2021-0155885", "predictions": [{"SSOC_Code": "24212", "Prediction_Confidence": "73.02%"}, {"SSOC_Code": "21231", "Prediction_Confidence": "4.65%"}, {"SSOC_Code": "13461", "Prediction_Confidence": "4.24%"}, {"SSOC_Code": "24231", "Prediction_Confidence": "3.82%"}, {"SSOC_Code": "33221", "Prediction_Confidence": "2.10%"}, {"SSOC_Code": "24211", "Prediction_Confidence": "1.61%"}, {"SSOC_Code": "24121", "Prediction_Confidence": "1.46%"}, {"SSOC_Code": "26310", "Prediction_Confidence": "1.04%"}, {"SSOC_Code": "25299", "Prediction_Confidence": "0.94%"}, {"SSOC_Code": "25113", "Prediction_Confidence": "0.80%"}]}, {"MCF_Job_Ad_ID": "MCF-2021-0240042", "predictions": [{"SSOC_Code": "21414", "Prediction_Confidence": "26.81%"}, {"SSOC_Code": "31720", "Prediction_Confidence": "14.23%"}, {"SSOC_Code": "21415", "Prediction_Confidence": "11.30%"}, {"SSOC_Code": "21412", "Prediction_Confidence": "7.97%"}, {"SSOC_Code": "21411", "Prediction_Confidence": "4.40%"}, {"SSOC_Code": "21441", "Prediction_Confidence": "3.51%"}, {"SSOC_Code": "31006", "Prediction_Confidence": "3.47%"}, {"SSOC_Code": "13292", "Prediction_Confidence": "3.44%"}, {"SSOC_Code": "21498", "Prediction_Confidence": "2.10%"}, {"SSOC_Code": "21413", "Prediction_Confidence": "1.80%"}]}, {"MCF_Job_Ad_ID": "MCF-2021-0026710", "predictions": [{"SSOC_Code": "12212", "Prediction_Confidence": "15.17%"}, {"SSOC_Code": "33221", "Prediction_Confidence": "10.51%"}, {"SSOC_Code": "24121", "Prediction_Confidence": "8.99%"}, {"SSOC_Code": "24133", "Prediction_Confidence": "5.75%"}, {"SSOC_Code": "24362", "Prediction_Confidence": "4.81%"}, {"SSOC_Code": "24351", "Prediction_Confidence": "4.16%"}, {"SSOC_Code": "24353", "Prediction_Confidence": "3.87%"}, {"SSOC_Code": "24352", "Prediction_Confidence": "3.16%"}, {"SSOC_Code": "12222", "Prediction_Confidence": "2.91%"}, {"SSOC_Code": "24111", "Prediction_Confidence": "2.51%"}]}, {"MCF_Job_Ad_ID": "MCF-2021-0065599", "predictions": [{"SSOC_Code": "34341", "Prediction_Confidence": "23.66%"}, {"SSOC_Code": "51201", "Prediction_Confidence": "23.48%"}, {"SSOC_Code": "94101", "Prediction_Confidence": "15.26%"}, {"SSOC_Code": "14121", "Prediction_Confidence": "8.94%"}, {"SSOC_Code": "34343", "Prediction_Confidence": "7.07%"}, {"SSOC_Code": "51312", "Prediction_Confidence": "6.32%"}, {"SSOC_Code": "51202", "Prediction_Confidence": "2.83%"}, {"SSOC_Code": "34342", "Prediction_Confidence": "2.04%"}, {"SSOC_Code": "91153", "Prediction_Confidence": "1.56%"}, {"SSOC_Code": "75121", "Prediction_Confidence": "1.47%"}]}, {"MCF_Job_Ad_ID": "MCF-2020-0180973", "predictions": [{"SSOC_Code": "33221", "Prediction_Confidence": "17.44%"}, {"SSOC_Code": "24212", "Prediction_Confidence": "10.48%"}, {"SSOC_Code": "12212", "Prediction_Confidence": "9.44%"}, {"SSOC_Code": "24231", "Prediction_Confidence": "7.14%"}, {"SSOC_Code": "33222", "Prediction_Confidence": "5.74%"}, {"SSOC_Code": "24121", "Prediction_Confidence": "4.00%"}, {"SSOC_Code": "42245", "Prediction_Confidence": "3.71%"}, {"SSOC_Code": "24232", "Prediction_Confidence": "3.63%"}, {"SSOC_Code": "24233", "Prediction_Confidence": "3.20%"}, {"SSOC_Code": "13461", "Prediction_Confidence": "3.19%"}]}, {"MCF_Job_Ad_ID": "MCF-2021-0058630", "predictions": [{"SSOC_Code": "25121", "Prediction_Confidence": "72.15%"}, {"SSOC_Code": "25122", "Prediction_Confidence": "19.02%"}, {"SSOC_Code": "25140", "Prediction_Confidence": "3.69%"}, {"SSOC_Code": "25111", "Prediction_Confidence": "1.46%"}, {"SSOC_Code": "25151", "Prediction_Confidence": "0.71%"}, {"SSOC_Code": "25113", "Prediction_Confidence": "0.70%"}, {"SSOC_Code": "24212", "Prediction_Confidence": "0.67%"}, {"SSOC_Code": "21231", "Prediction_Confidence": "0.42%"}, {"SSOC_Code": "13302", "Prediction_Confidence": "0.40%"}, {"SSOC_Code": "35123", "Prediction_Confidence": "0.29%"}]}, {"MCF_Job_Ad_ID": "MCF-2021-0057919", "predictions": [{"SSOC_Code": "34343", "Prediction_Confidence": "23.60%"}, {"SSOC_Code": "34341", "Prediction_Confidence": "19.22%"}, {"SSOC_Code": "51201", "Prediction_Confidence": "18.30%"}, {"SSOC_Code": "75121", "Prediction_Confidence": "14.18%"}, {"SSOC_Code": "94101", "Prediction_Confidence": "12.66%"}, {"SSOC_Code": "75122", "Prediction_Confidence": "4.58%"}, {"SSOC_Code": "75110", "Prediction_Confidence": "2.02%"}, {"SSOC_Code": "51202", "Prediction_Confidence": "1.92%"}, {"SSOC_Code": "34342", "Prediction_Confidence": "0.77%"}, {"SSOC_Code": "93201", "Prediction_Confidence": "0.42%"}]}, {"MCF_Job_Ad_ID": "MCF-2021-0149117", "predictions": [{"SSOC_Code": "93334", "Prediction_Confidence": "18.26%"}, {"SSOC_Code": "33461", "Prediction_Confidence": "12.54%"}, {"SSOC_Code": "24111", "Prediction_Confidence": "10.67%"}, {"SSOC_Code": "43112", "Prediction_Confidence": "8.13%"}, {"SSOC_Code": "43212", "Prediction_Confidence": "7.84%"}, {"SSOC_Code": "42245", "Prediction_Confidence": "5.76%"}, {"SSOC_Code": "41101", "Prediction_Confidence": "5.15%"}, {"SSOC_Code": "13241", "Prediction_Confidence": "3.99%"}, {"SSOC_Code": "33231", "Prediction_Confidence": "3.25%"}, {"SSOC_Code": "33232", "Prediction_Confidence": "2.86%"}]}, {"MCF_Job_Ad_ID": "MCF-2021-0150477", "predictions": [{"SSOC_Code": "21414", "Prediction_Confidence": "37.35%"}, {"SSOC_Code": "13292", "Prediction_Confidence": "13.45%"}, {"SSOC_Code": "31720", "Prediction_Confidence": "11.14%"}, {"SSOC_Code": "21498", "Prediction_Confidence": "5.66%"}, {"SSOC_Code": "21493", "Prediction_Confidence": "3.99%"}, {"SSOC_Code": "21494", "Prediction_Confidence": "2.47%"}, {"SSOC_Code": "21412", "Prediction_Confidence": "2.41%"}, {"SSOC_Code": "32572", "Prediction_Confidence": "2.20%"}, {"SSOC_Code": "21415", "Prediction_Confidence": "2.04%"}, {"SSOC_Code": "31006", "Prediction_Confidence": "1.96%"}]}, {"MCF_Job_Ad_ID": "MCF-2021-0052005", "predictions": [{"SSOC_Code": "25122", "Prediction_Confidence": "43.19%"}, {"SSOC_Code": "25121", "Prediction_Confidence": "23.52%"}, {"SSOC_Code": "24212", "Prediction_Confidence": "8.31%"}, {"SSOC_Code": "13302", "Prediction_Confidence": "7.78%"}, {"SSOC_Code": "21664", "Prediction_Confidence": "6.22%"}, {"SSOC_Code": "25113", "Prediction_Confidence": "4.88%"}, {"SSOC_Code": "33221", "Prediction_Confidence": "1.97%"}, {"SSOC_Code": "12222", "Prediction_Confidence": "1.35%"}, {"SSOC_Code": "12212", "Prediction_Confidence": "0.44%"}, {"SSOC_Code": "21661", "Prediction_Confidence": "0.35%"}]}, {"MCF_Job_Ad_ID": "MCF-2021-0180734", "predictions": [{"SSOC_Code": "51411", "Prediction_Confidence": "82.56%"}, {"SSOC_Code": "51412", "Prediction_Confidence": "11.65%"}, {"SSOC_Code": "51419", "Prediction_Confidence": "4.82%"}, {"SSOC_Code": "51421", "Prediction_Confidence": "0.81%"}, {"SSOC_Code": "14324", "Prediction_Confidence": "0.08%"}, {"SSOC_Code": "42241", "Prediction_Confidence": "0.04%"}, {"SSOC_Code": "51422", "Prediction_Confidence": "0.01%"}, {"SSOC_Code": "51491", "Prediction_Confidence": "0.01%"}, {"SSOC_Code": "52421", "Prediction_Confidence": "0.00%"}, {"SSOC_Code": "36100", "Prediction_Confidence": "0.00%"}]}, {"MCF_Job_Ad_ID": "MCF-2021-0187712", "predictions": [{"SSOC_Code": "91153", "Prediction_Confidence": "27.21%"}, {"SSOC_Code": "94101", "Prediction_Confidence": "14.77%"}, {"SSOC_Code": "93201", "Prediction_Confidence": "14.53%"}, {"SSOC_Code": "51312", "Prediction_Confidence": "6.65%"}, {"SSOC_Code": "91152", "Prediction_Confidence": "5.49%"}, {"SSOC_Code": "91151", "Prediction_Confidence": "5.33%"}, {"SSOC_Code": "91131", "Prediction_Confidence": "5.32%"}, {"SSOC_Code": "51201", "Prediction_Confidence": "4.63%"}, {"SSOC_Code": "91210", "Prediction_Confidence": "3.66%"}, {"SSOC_Code": "93334", "Prediction_Confidence": "3.29%"}]}, {"MCF_Job_Ad_ID": "MCF-2020-0377927", "predictions": [{"SSOC_Code": "12222", "Prediction_Confidence": "62.83%"}, {"SSOC_Code": "33221", "Prediction_Confidence": "9.66%"}, {"SSOC_Code": "24314", "Prediction_Confidence": "8.34%"}, {"SSOC_Code": "12212", "Prediction_Confidence": "8.32%"}, {"SSOC_Code": "33223", "Prediction_Confidence": "2.54%"}, {"SSOC_Code": "33225", "Prediction_Confidence": "2.20%"}, {"SSOC_Code": "12215", "Prediction_Confidence": "1.87%"}, {"SSOC_Code": "33224", "Prediction_Confidence": "1.45%"}, {"SSOC_Code": "12213", "Prediction_Confidence": "1.12%"}, {"SSOC_Code": "33222", "Prediction_Confidence": "0.29%"}]}, {"MCF_Job_Ad_ID": "MCF-2021-0068074", "predictions": [{"SSOC_Code": "22640", "Prediction_Confidence": "13.73%"}, {"SSOC_Code": "22662", "Prediction_Confidence": "10.82%"}, {"SSOC_Code": "22680", "Prediction_Confidence": "9.62%"}, {"SSOC_Code": "26341", "Prediction_Confidence": "8.14%"}, {"SSOC_Code": "22200", "Prediction_Confidence": "4.52%"}, {"SSOC_Code": "26353", "Prediction_Confidence": "3.85%"}, {"SSOC_Code": "22651", "Prediction_Confidence": "3.80%"}, {"SSOC_Code": "36100", "Prediction_Confidence": "3.19%"}, {"SSOC_Code": "26351", "Prediction_Confidence": "3.12%"}, {"SSOC_Code": "13410", "Prediction_Confidence": "3.09%"}]}, {"MCF_Job_Ad_ID": "MCF-2021-0198321", "predictions": [{"SSOC_Code": "83229", "Prediction_Confidence": "52.92%"}, {"SSOC_Code": "83321", "Prediction_Confidence": "14.60%"}, {"SSOC_Code": "83329", "Prediction_Confidence": "13.95%"}, {"SSOC_Code": "83211", "Prediction_Confidence": "4.25%"}, {"SSOC_Code": "83223", "Prediction_Confidence": "3.07%"}, {"SSOC_Code": "93335", "Prediction_Confidence": "2.83%"}, {"SSOC_Code": "83324", "Prediction_Confidence": "2.41%"}, {"SSOC_Code": "83222", "Prediction_Confidence": "1.51%"}, {"SSOC_Code": "83224", "Prediction_Confidence": "0.71%"}, {"SSOC_Code": "83311", "Prediction_Confidence": "0.70%"}]}, {"MCF_Job_Ad_ID": "MCF-2021-0107181", "predictions": [{"SSOC_Code": "33221", "Prediction_Confidence": "30.29%"}, {"SSOC_Code": "12212", "Prediction_Confidence": "15.72%"}, {"SSOC_Code": "24121", "Prediction_Confidence": "14.41%"}, {"SSOC_Code": "24232", "Prediction_Confidence": "10.61%"}, {"SSOC_Code": "33211", "Prediction_Confidence": "5.00%"}, {"SSOC_Code": "24334", "Prediction_Confidence": "3.14%"}, {"SSOC_Code": "13461", "Prediction_Confidence": "2.91%"}, {"SSOC_Code": "24333", "Prediction_Confidence": "2.73%"}, {"SSOC_Code": "25122", "Prediction_Confidence": "1.91%"}, {"SSOC_Code": "52440", "Prediction_Confidence": "1.55%"}]}, {"MCF_Job_Ad_ID": "MCF-2021-0166933", "predictions": [{"SSOC_Code": "26112", "Prediction_Confidence": "34.75%"}, {"SSOC_Code": "24132", "Prediction_Confidence": "13.59%"}, {"SSOC_Code": "26111", "Prediction_Confidence": "12.63%"}, {"SSOC_Code": "34110", "Prediction_Confidence": "12.25%"}, {"SSOC_Code": "13461", "Prediction_Confidence": "4.59%"}, {"SSOC_Code": "21231", "Prediction_Confidence": "2.13%"}, {"SSOC_Code": "24212", "Prediction_Confidence": "1.87%"}, {"SSOC_Code": "24121", "Prediction_Confidence": "1.77%"}, {"SSOC_Code": "41201", "Prediction_Confidence": "1.64%"}, {"SSOC_Code": "12133", "Prediction_Confidence": "1.59%"}]}, {"MCF_Job_Ad_ID": "MCF-2021-0230709", "predictions": [{"SSOC_Code": "93334", "Prediction_Confidence": "48.92%"}, {"SSOC_Code": "83441", "Prediction_Confidence": "21.95%"}, {"SSOC_Code": "43212", "Prediction_Confidence": "11.73%"}, {"SSOC_Code": "93201", "Prediction_Confidence": "9.99%"}, {"SSOC_Code": "83229", "Prediction_Confidence": "1.72%"}, {"SSOC_Code": "93335", "Prediction_Confidence": "0.83%"}, {"SSOC_Code": "43211", "Prediction_Confidence": "0.76%"}, {"SSOC_Code": "33461", "Prediction_Confidence": "0.74%"}, {"SSOC_Code": "42245", "Prediction_Confidence": "0.71%"}, {"SSOC_Code": "93336", "Prediction_Confidence": "0.31%"}]}, {"MCF_Job_Ad_ID": "MCF-2021-0112523", "predictions": [{"SSOC_Code": "12222", "Prediction_Confidence": "70.55%"}, {"SSOC_Code": "24314", "Prediction_Confidence": "10.13%"}, {"SSOC_Code": "12212", "Prediction_Confidence": "5.54%"}, {"SSOC_Code": "33221", "Prediction_Confidence": "5.19%"}, {"SSOC_Code": "12215", "Prediction_Confidence": "1.73%"}, {"SSOC_Code": "33225", "Prediction_Confidence": "1.65%"}, {"SSOC_Code": "33223", "Prediction_Confidence": "1.45%"}, {"SSOC_Code": "33224", "Prediction_Confidence": "0.89%"}, {"SSOC_Code": "12213", "Prediction_Confidence": "0.84%"}, {"SSOC_Code": "14391", "Prediction_Confidence": "0.54%"}]}, {"MCF_Job_Ad_ID": "MCF-2021-0079647", "predictions": [{"SSOC_Code": "21661", "Prediction_Confidence": "52.37%"}, {"SSOC_Code": "21631", "Prediction_Confidence": "11.91%"}, {"SSOC_Code": "34321", "Prediction_Confidence": "8.31%"}, {"SSOC_Code": "21632", "Prediction_Confidence": "2.98%"}, {"SSOC_Code": "34323", "Prediction_Confidence": "2.65%"}, {"SSOC_Code": "25122", "Prediction_Confidence": "2.64%"}, {"SSOC_Code": "12222", "Prediction_Confidence": "2.31%"}, {"SSOC_Code": "21664", "Prediction_Confidence": "2.00%"}, {"SSOC_Code": "33223", "Prediction_Confidence": "1.54%"}, {"SSOC_Code": "21494", "Prediction_Confidence": "1.43%"}]}, {"MCF_Job_Ad_ID": "MCF-2021-0039088", "predictions": [{"SSOC_Code": "26112", "Prediction_Confidence": "45.86%"}, {"SSOC_Code": "34110", "Prediction_Confidence": "18.19%"}, {"SSOC_Code": "24132", "Prediction_Confidence": "12.31%"}, {"SSOC_Code": "26111", "Prediction_Confidence": "8.62%"}, {"SSOC_Code": "41201", "Prediction_Confidence": "3.35%"}, {"SSOC_Code": "24212", "Prediction_Confidence": "2.01%"}, {"SSOC_Code": "13461", "Prediction_Confidence": "1.96%"}, {"SSOC_Code": "24121", "Prediction_Confidence": "1.22%"}, {"SSOC_Code": "12133", "Prediction_Confidence": "0.74%"}, {"SSOC_Code": "12111", "Prediction_Confidence": "0.62%"}]}, {"MCF_Job_Ad_ID": "MCF-2021-0200478", "predictions": [{"SSOC_Code": "34341", "Prediction_Confidence": "38.47%"}, {"SSOC_Code": "51201", "Prediction_Confidence": "29.31%"}, {"SSOC_Code": "94101", "Prediction_Confidence": "11.93%"}, {"SSOC_Code": "34343", "Prediction_Confidence": "8.69%"}, {"SSOC_Code": "14121", "Prediction_Confidence": "4.09%"}, {"SSOC_Code": "51202", "Prediction_Confidence": "3.10%"}, {"SSOC_Code": "75121", "Prediction_Confidence": "1.21%"}, {"SSOC_Code": "34342", "Prediction_Confidence": "1.19%"}, {"SSOC_Code": "51312", "Prediction_Confidence": "1.00%"}, {"SSOC_Code": "91153", "Prediction_Confidence": "0.18%"}]}, {"MCF_Job_Ad_ID": "MCF-2021-0036848", "predictions": [{"SSOC_Code": "12222", "Prediction_Confidence": "75.82%"}, {"SSOC_Code": "24314", "Prediction_Confidence": "9.75%"}, {"SSOC_Code": "33221", "Prediction_Confidence": "4.58%"}, {"SSOC_Code": "12212", "Prediction_Confidence": "3.10%"}, {"SSOC_Code": "33225", "Prediction_Confidence": "1.59%"}, {"SSOC_Code": "33223", "Prediction_Confidence": "1.47%"}, {"SSOC_Code": "12215", "Prediction_Confidence": "1.28%"}, {"SSOC_Code": "33224", "Prediction_Confidence": "0.97%"}, {"SSOC_Code": "12213", "Prediction_Confidence": "0.48%"}, {"SSOC_Code": "12221", "Prediction_Confidence": "0.23%"}]}, {"MCF_Job_Ad_ID": "MCF-2020-0165739", "predictions": [{"SSOC_Code": "34221", "Prediction_Confidence": "15.39%"}, {"SSOC_Code": "34210", "Prediction_Confidence": "7.98%"}, {"SSOC_Code": "34223", "Prediction_Confidence": "7.05%"}, {"SSOC_Code": "34229", "Prediction_Confidence": "6.44%"}, {"SSOC_Code": "34222", "Prediction_Confidence": "6.25%"}, {"SSOC_Code": "33221", "Prediction_Confidence": "3.21%"}, {"SSOC_Code": "12212", "Prediction_Confidence": "2.51%"}, {"SSOC_Code": "51491", "Prediction_Confidence": "2.07%"}, {"SSOC_Code": "24232", "Prediction_Confidence": "2.04%"}, {"SSOC_Code": "36910", "Prediction_Confidence": "1.92%"}]}, {"MCF_Job_Ad_ID": "MCF-2021-0096153", "predictions": [{"SSOC_Code": "51421", "Prediction_Confidence": "41.53%"}, {"SSOC_Code": "51411", "Prediction_Confidence": "15.61%"}, {"SSOC_Code": "51491", "Prediction_Confidence": "14.56%"}, {"SSOC_Code": "51422", "Prediction_Confidence": "12.39%"}, {"SSOC_Code": "51412", "Prediction_Confidence": "8.77%"}, {"SSOC_Code": "14324", "Prediction_Confidence": "3.05%"}, {"SSOC_Code": "51419", "Prediction_Confidence": "2.55%"}, {"SSOC_Code": "51941", "Prediction_Confidence": "0.68%"}, {"SSOC_Code": "52421", "Prediction_Confidence": "0.16%"}, {"SSOC_Code": "51423", "Prediction_Confidence": "0.16%"}]}, {"MCF_Job_Ad_ID": "MCF-2021-0176644", "predictions": [{"SSOC_Code": "42245", "Prediction_Confidence": "45.76%"}, {"SSOC_Code": "42241", "Prediction_Confidence": "39.43%"}, {"SSOC_Code": "41101", "Prediction_Confidence": "4.20%"}, {"SSOC_Code": "41201", "Prediction_Confidence": "1.95%"}, {"SSOC_Code": "12241", "Prediction_Confidence": "1.87%"}, {"SSOC_Code": "42243", "Prediction_Confidence": "1.60%"}, {"SSOC_Code": "43112", "Prediction_Confidence": "1.41%"}, {"SSOC_Code": "42242", "Prediction_Confidence": "1.00%"}, {"SSOC_Code": "12112", "Prediction_Confidence": "0.97%"}, {"SSOC_Code": "24233", "Prediction_Confidence": "0.53%"}]}, {"MCF_Job_Ad_ID": "MCF-2021-0032239", "predictions": [{"SSOC_Code": "21421", "Prediction_Confidence": "36.65%"}, {"SSOC_Code": "21422", "Prediction_Confidence": "18.05%"}, {"SSOC_Code": "21441", "Prediction_Confidence": "16.11%"}, {"SSOC_Code": "31183", "Prediction_Confidence": "11.18%"}, {"SSOC_Code": "21511", "Prediction_Confidence": "9.55%"}, {"SSOC_Code": "24213", "Prediction_Confidence": "2.37%"}, {"SSOC_Code": "13230", "Prediction_Confidence": "1.67%"}, {"SSOC_Code": "21499", "Prediction_Confidence": "0.79%"}, {"SSOC_Code": "21413", "Prediction_Confidence": "0.35%"}, {"SSOC_Code": "21521", "Prediction_Confidence": "0.32%"}]}, {"MCF_Job_Ad_ID": "MCF-2021-0076725", "predictions": [{"SSOC_Code": "12121", "Prediction_Confidence": "28.50%"}, {"SSOC_Code": "24233", "Prediction_Confidence": "21.09%"}, {"SSOC_Code": "12112", "Prediction_Confidence": "18.95%"}, {"SSOC_Code": "43112", "Prediction_Confidence": "5.66%"}, {"SSOC_Code": "24111", "Prediction_Confidence": "4.94%"}, {"SSOC_Code": "24232", "Prediction_Confidence": "3.94%"}, {"SSOC_Code": "24112", "Prediction_Confidence": "2.96%"}, {"SSOC_Code": "24231", "Prediction_Confidence": "2.25%"}, {"SSOC_Code": "33131", "Prediction_Confidence": "1.97%"}, {"SSOC_Code": "24212", "Prediction_Confidence": "1.36%"}]}, {"MCF_Job_Ad_ID": "MCF-2021-0046503", "predictions": [{"SSOC_Code": "24111", "Prediction_Confidence": "67.96%"}, {"SSOC_Code": "33131", "Prediction_Confidence": "11.71%"}, {"SSOC_Code": "24112", "Prediction_Confidence": "11.32%"}, {"SSOC_Code": "43112", "Prediction_Confidence": "3.77%"}, {"SSOC_Code": "33132", "Prediction_Confidence": "2.23%"}, {"SSOC_Code": "12112", "Prediction_Confidence": "1.63%"}, {"SSOC_Code": "24131", "Prediction_Confidence": "0.29%"}, {"SSOC_Code": "24212", "Prediction_Confidence": "0.18%"}, {"SSOC_Code": "33133", "Prediction_Confidence": "0.18%"}, {"SSOC_Code": "43113", "Prediction_Confidence": "0.17%"}]}, {"MCF_Job_Ad_ID": "MCF-2021-0060219", "predictions": [{"SSOC_Code": "21130", "Prediction_Confidence": "17.57%"}, {"SSOC_Code": "21319", "Prediction_Confidence": "8.81%"}, {"SSOC_Code": "32120", "Prediction_Confidence": "8.06%"}, {"SSOC_Code": "31111", "Prediction_Confidence": "4.24%"}, {"SSOC_Code": "21415", "Prediction_Confidence": "3.73%"}, {"SSOC_Code": "21342", "Prediction_Confidence": "3.65%"}, {"SSOC_Code": "31161", "Prediction_Confidence": "3.48%"}, {"SSOC_Code": "21341", "Prediction_Confidence": "3.21%"}, {"SSOC_Code": "21347", "Prediction_Confidence": "2.97%"}, {"SSOC_Code": "21454", "Prediction_Confidence": "2.15%"}]}]